{"cameraMode":{"drawMode":0,"name":"Shaded","section":"Shading Mode"},"sceneLighting":false,"audioPlay":false,"sceneViewState":{"showFog":true,"showMaterialUpdate":false,"showSkybox":false,"showFlares":true,"showImageEffects":true,"showParticleSystems":true},"in2DMode":false,"pivot":{"x":-0.4270537495613098,"y":0.9549030065536499,"z":-2.988459825515747},"rotation":{"x":0.041917454451322559,"y":-0.9575474858283997,"z":0.18465426564216615,"w":0.2173672467470169},"size":4.778054714202881,"orthographic":false}